{
  "test_accuracy": 0.5687893081761006,
  "test_f1": 0.5314649689382093,
  "best_val_f1": 0.5194870753074734,
  "wcq_accuracy": 0.6219392752203722,
  "wcq_f1": 0.5530787609258477
}