{"train_loss": [0.9373287111291165, 0.5949963001973456, 0.5321443603016746, 0.4979708975379015, 0.48504710399498374, 0.4645342633977693, 0.45468428101855546, 0.44877780443530974, 0.4442478875257936, 0.44161275947589906, 0.4380804176323219, 0.43565691803195994, 0.4329507918497447, 0.4310600788824731, 0.42844180751287697, 0.4264788637726994, 0.4234748580514558, 0.42037659107444836, 0.4207613390105531, 0.41158588310970545, 0.4090760085266801, 0.4062837110645782, 0.4023790046320123, 0.3999187085771781, 0.39661875729935564, 0.39201843963565736, 0.3893421815338047, 0.3891660617937109, 0.3848759631162799, 0.383134101452923, 0.37391077925685007, 0.3719320621439048, 0.36865593091181503, 0.36475056671581946, 0.3638097777021317], "val_loss": [0.5344736017286777, 0.4634296130388975, 0.4616404641419649, 0.4550665859133005, 0.4487049989402294, 0.43431843258440495, 0.4320634361356497, 0.43177639320492744, 0.43559538945555687, 0.43837084621191025, 0.4357454739511013, 0.4382154066115618, 0.4363722652196884, 0.4363644868135452, 0.44005072116851807, 0.4375031925737858, 0.441896079108119, 0.4479879457503557, 0.4475187435746193, 0.4520503282546997, 0.4573435988277197, 0.4654918983578682, 0.4663328304886818, 0.46849398501217365, 0.4776025079190731, 0.47768100909888744, 0.4772171061486006, 0.49377656169235706, 0.4978811591863632, 0.49657420441508293, 0.5118987821042538, 0.5177068430930376, 0.5250815283507109, 0.532792130485177, 0.5428843814879656], "train_acc": [0.38519000457842356, 0.3676956071230632, 0.3765873876478951, 0.3770452300055423, 0.38222607773681294, 0.38227427166919686, 0.3919853490445553, 0.3969011301477144, 0.39786500879539266, 0.4020096869804092, 0.4107809826742813, 0.4095761343646835, 0.42005831465818455, 0.4191426299428902, 0.4254319381189908, 0.4261789440709415, 0.4317935371936673, 0.4370466758235138, 0.44039615412419575, 0.44798669847466205, 0.4470228198269838, 0.4541555218198029, 0.4539386491240753, 0.4572881274247572, 0.46097496325212656, 0.46584255042290174, 0.46622810188197306, 0.4654810959300224, 0.46724017446203525, 0.46654136244246847, 0.4727824766861852, 0.47673437914166605, 0.4768066700402419, 0.4803007301380756, 0.48150557844767344], "val_acc": [0.38636363636363635, 0.3759881422924901, 0.37796442687747034, 0.3631422924901186, 0.3814229249011858, 0.4095849802371542, 0.39179841897233203, 0.40217391304347827, 0.4041501976284585, 0.408596837944664, 0.39278656126482214, 0.4076086956521739, 0.3908102766798419, 0.39822134387351776, 0.4244071146245059, 0.40464426877470355, 0.41452569169960474, 0.41650197628458496, 0.3922924901185771, 0.4135375494071146, 0.42638339920948615, 0.4076086956521739, 0.4125494071146245, 0.42045454545454547, 0.4214426877470356, 0.424901185770751, 0.408596837944664, 0.40810276679841895, 0.40019762845849804, 0.4115612648221344, 0.4150197628458498, 0.41946640316205536, 0.3967391304347826, 0.4140316205533597, 0.4031620553359684], "val_f1": [0.395826498459511, 0.3820307055778563, 0.3865848663454514, 0.368035151190285, 0.3906234969493407, 0.41963534663255064, 0.3966637040011502, 0.41211491729600475, 0.4155043760276596, 0.41993436912639015, 0.4008157826698879, 0.41829413419828465, 0.3937920104936376, 0.40707861659418804, 0.4356925224895937, 0.41366835603375857, 0.4251610013701708, 0.42079969396490946, 0.40157466224187016, 0.41721165112404685, 0.4310528955746427, 0.41380799547094066, 0.41833759234162105, 0.4221416400705187, 0.425759597483355, 0.42710303648392794, 0.40733310036695825, 0.4091403123026956, 0.40401328794774, 0.41444728319075086, 0.4186248817117124, 0.4220614117639289, 0.4008424098303079, 0.41716352465690826, 0.4067105095840728]}